{
    "Breakfast": {
        "Breakfast Calories": 313.24349440188564,
        "Breakfast Protein": 21.85019350815557,
        "Breakfast Carbohydrates": 47.48850913376547,
        "Breakfast Fats": 16.141909251620508
    },
    "Lunch": {
        "Lunch Calories": 451.7847424867413,
        "Lunch Protein": 27.8993612256924,
        "Lunch Carbohydrates": 68.39394225103123,
        "Lunch Fats": 10.422510312315852
    },
    "Dinner": {
        "Dinner Calories": 591.8928226281673,
        "Dinner Protein.1": 43.7293052445492,
        "Dinner Carbohydrates.1": 124.40721213906895,
        "Dinner Fats": 43.35982911019446
    },
    "Snacks": {
        "Snacks Calories": 177.796110783736,
        "Snacks Protein": 5.655274012964054,
        "Snacks Carbohydrates": 22.709487330583382,
        "Snacks Fats": 9.374189746611668
    },
    "Total_Daily_Calories_Mean": 1534.7171703005301
}